{"info":{"_postman_id":"1b2904a1-7a18-4195-bb8d-a4c54f514e24","name":"Movimientos","schema":"https://schema.getpostman.com/json/collection/v2.1.0/collection.json"},"item":[{"name":"Obtener movimiento por ID","id":"4933c504-253f-4ff0-bfac-5412133b17db","protocolProfileBehavior":{"disableBodyPruning":true},"request":{"method":"GET","header":[],"url":{"raw":"{{base_url}}/movimientos/1","host":["{{base_url}}"],"path":["movimientos","1"]}},"response":[]},{"name":"Crear movimiento crédito","event":[{"listen":"prerequest","script":{"id":"aafade44-e4d2-45fd-bd01-793f8c412d4b","exec":[""],"type":"text/javascript"}}],"id":"fb45af83-ef53-4165-bd43-91cfe2b0b53c","protocolProfileBehavior":{"disableBodyPruning":true},"request":{"method":"POST","header":[],"body":{"mode":"raw","raw":"{\r\n    \"Número Cuenta\": \"000001\",\r\n    \"Valor\": 100.00\r\n}","options":{"raw":{"language":"json"}}},"url":{"raw":"{{base_url}}/movimientos","host":["{{base_url}}"],"path":["movimientos"]}},"response":[]},{"name":"Crear movimiento débito","event":[{"listen":"prerequest","script":{"id":"aafade44-e4d2-45fd-bd01-793f8c412d4b","exec":[""],"type":"text/javascript"}}],"id":"04435cb2-3f08-4ca3-a9bb-d2e56426253b","protocolProfileBehavior":{"disableBodyPruning":true},"request":{"method":"POST","header":[],"body":{"mode":"raw","raw":"{\r\n    \"Número Cuenta\": \"000001\",\r\n    \"Valor\": -100.00\r\n}","options":{"raw":{"language":"json"}}},"url":{"raw":"{{base_url}}/movimientos","host":["{{base_url}}"],"path":["movimientos"]}},"response":[]}],"event":[{"listen":"prerequest","script":{"id":"d670b065-db12-42ac-991a-6c9897ed55ae","type":"text/javascript","exec":["pm.request.headers.add({key: 'Content-Type', value: 'application/json' });"]}},{"listen":"test","script":{"id":"a0f771f5-83b4-40ab-bde5-20b15ab92f48","type":"text/javascript","exec":[""]}}]}