{"info":{"_postman_id":"5a8f4a9f-2af9-445f-b11e-35292b6dcb44","name":"Clientes","schema":"https://schema.getpostman.com/json/collection/v2.1.0/collection.json"},"item":[{"name":"Obtener cliente por ID","id":"5c98f6b5-a751-4348-8e83-45d5d6045654","protocolProfileBehavior":{"disableBodyPruning":true},"request":{"method":"GET","header":[],"url":{"raw":"{{base_url}}/clientes/1","host":["{{base_url}}"],"path":["clientes","1"]}},"response":[]},{"name":"Obtener cliente por identificación","id":"2fc198bd-2008-4e62-816f-8559e4c7583d","protocolProfileBehavior":{"disableBodyPruning":true},"request":{"method":"GET","header":[],"url":{"raw":"{{base_url}}/clientes?identificacion=1234567890","host":["{{base_url}}"],"path":["clientes"],"query":[{"key":"identificacion","value":"1234567890"}]}},"response":[]},{"name":"Crear cliente","event":[{"listen":"prerequest","script":{"id":"aafade44-e4d2-45fd-bd01-793f8c412d4b","exec":[""],"type":"text/javascript"}}],"id":"2c32280f-f7a9-4d8e-ba09-fb207fe95d7f","protocolProfileBehavior":{"disableBodyPruning":true},"request":{"method":"POST","header":[],"body":{"mode":"raw","raw":"{\r\n    \"Nombres\": \"José Lema\",\r\n    \"Género\": \"M\",\r\n    \"Edad\": 21,\r\n    \"Identificación\": \"1234567890\",\r\n    \"Dirección\": \"Otavalo SN y principal\",\r\n    \"Teléfono\": \"098254785\",\r\n    \"Usuario\": \"jose.lema\",\r\n    \"Contraseña\": \"12341234\",\r\n    \"Estado\": true\r\n}","options":{"raw":{"language":"json"}}},"url":{"raw":"{{base_url}}/clientes","host":["{{base_url}}"],"path":["clientes"]}},"response":[]},{"name":"Actualizar cliente","id":"7f9c49c3-cdff-4f51-a690-ce494673dc01","protocolProfileBehavior":{"disableBodyPruning":true},"request":{"method":"PUT","header":[],"body":{"mode":"raw","raw":"{\r\n    \"Nombres\": \"José Lema\",\r\n    \"Género\": \"M\",\r\n    \"Edad\": 22,\r\n    \"Identificación\": \"1234567890\",\r\n    \"Dirección\": \"Otavalo 124 y principal\",\r\n    \"Teléfono\": \"098254785\",\r\n    \"Usuario\": \"jose.lema\",\r\n    \"Contraseña\": \"12341234\",\r\n    \"Estado\": true\r\n}","options":{"raw":{"language":"json"}}},"url":{"raw":"{{base_url}}/clientes/1","host":["{{base_url}}"],"path":["clientes","1"]}},"response":[]},{"name":"Actualizar cliente parcialmente","id":"81a85bf3-4867-4910-aa30-95ef0ba10e03","protocolProfileBehavior":{"disableBodyPruning":true},"request":{"method":"PATCH","header":[],"body":{"mode":"raw","raw":"{\r\n    \"Nombres\": \"José Lema Calderón\"\r\n}","options":{"raw":{"language":"json"}}},"url":{"raw":"{{base_url}}/clientes/1","host":["{{base_url}}"],"path":["clientes","1"]}},"response":[]},{"name":"Eliminar cliente","id":"19c55175-42c4-466f-b875-72f6ea0724ce","protocolProfileBehavior":{"disableBodyPruning":true},"request":{"method":"DELETE","header":[],"url":{"raw":"{{base_url}}/clientes/1","host":["{{base_url}}"],"path":["clientes","1"]}},"response":[]}],"event":[{"listen":"prerequest","script":{"id":"d670b065-db12-42ac-991a-6c9897ed55ae","type":"text/javascript","exec":["pm.request.headers.add({key: 'Content-Type', value: 'application/json' });"]}},{"listen":"test","script":{"id":"a0f771f5-83b4-40ab-bde5-20b15ab92f48","type":"text/javascript","exec":[""]}}]}