{"info":{"_postman_id":"bee61bc3-eef5-4362-9ede-286ef50e4c63","name":"Cuentas","schema":"https://schema.getpostman.com/json/collection/v2.1.0/collection.json"},"item":[{"name":"Obtener cuenta por ID","id":"f7dfad3e-0ca1-4e8c-bef9-58aa4544761a","protocolProfileBehavior":{"disableBodyPruning":true},"request":{"method":"GET","header":[],"url":{"raw":"{{base_url}}/cuentas/1","host":["{{base_url}}"],"path":["cuentas","1"]}},"response":[]},{"name":"Obtener cuenta por número","id":"5f4d594a-39f3-4030-94ff-a5bfa95fa653","protocolProfileBehavior":{"disableBodyPruning":true},"request":{"method":"GET","header":[],"url":{"raw":"{{base_url}}/cuentas?numero=000001","host":["{{base_url}}"],"path":["cuentas"],"query":[{"key":"numero","value":"000001"}]}},"response":[]},{"name":"Obtener cuentas por cliente ID","id":"67f0a902-c9c6-4275-9f97-8ffd7fe7f993","protocolProfileBehavior":{"disableBodyPruning":true},"request":{"method":"GET","header":[],"url":{"raw":"{{base_url}}/cuentas?cliente_id=1","host":["{{base_url}}"],"path":["cuentas"],"query":[{"key":"cliente_id","value":"1"}]}},"response":[]},{"name":"Crear cuenta","event":[{"listen":"prerequest","script":{"id":"aafade44-e4d2-45fd-bd01-793f8c412d4b","exec":[""],"type":"text/javascript"}}],"id":"52602b74-efe2-472a-8b2e-f6c0883b5694","protocolProfileBehavior":{"disableBodyPruning":true},"request":{"method":"POST","header":[],"body":{"mode":"raw","raw":"{\r\n    \"Cliente Id\": 1,\r\n    \"Número Cuenta\": \"000001\",\r\n    \"Tipo\": \"A\",\r\n    \"Saldo Inicial\": 500.00,\r\n    \"Estado\": true\r\n}","options":{"raw":{"language":"json"}}},"url":{"raw":"{{base_url}}/cuentas","host":["{{base_url}}"],"path":["cuentas"]}},"response":[]},{"name":"Actualizar cuenta","event":[{"listen":"prerequest","script":{"id":"aafade44-e4d2-45fd-bd01-793f8c412d4b","exec":[""],"type":"text/javascript"}}],"id":"fd32f4e7-1ef8-41e1-9d57-750fc91459ee","protocolProfileBehavior":{"disableBodyPruning":true},"request":{"method":"PUT","header":[],"body":{"mode":"raw","raw":"{\r\n    \"Cliente Id\": 1,\r\n    \"Número Cuenta\": \"000001\",\r\n    \"Tipo\": \"C\",\r\n    \"Saldo Inicial\": 500.00,\r\n    \"Estado\": true\r\n}","options":{"raw":{"language":"json"}}},"url":{"raw":"{{base_url}}/cuentas/1","host":["{{base_url}}"],"path":["cuentas","1"]}},"response":[]},{"name":"Actualizar cuenta parcialmente","id":"ad7c8662-5b3a-41b6-9269-41a67c95a89c","protocolProfileBehavior":{"disableBodyPruning":true},"request":{"method":"PATCH","header":[],"body":{"mode":"raw","raw":"{\r\n    \"Tipo\": \"A\"\r\n}","options":{"raw":{"language":"json"}}},"url":{"raw":"{{base_url}}/cuentas/1","host":["{{base_url}}"],"path":["cuentas","1"]}},"response":[]},{"name":"Eliminar cuenta","id":"7d562a09-306f-4263-be74-7c5656c21f2a","protocolProfileBehavior":{"disableBodyPruning":true},"request":{"method":"DELETE","header":[],"url":{"raw":"{{base_url}}/cuentas/1","host":["{{base_url}}"],"path":["cuentas","1"]}},"response":[]}],"event":[{"listen":"prerequest","script":{"id":"d670b065-db12-42ac-991a-6c9897ed55ae","type":"text/javascript","exec":["pm.request.headers.add({key: 'Content-Type', value: 'application/json' });"]}},{"listen":"test","script":{"id":"a0f771f5-83b4-40ab-bde5-20b15ab92f48","type":"text/javascript","exec":[""]}}]}