{"info":{"_postman_id":"e4b8411f-826e-442d-b44b-f05f29470d58","name":"Reportes","schema":"https://schema.getpostman.com/json/collection/v2.1.0/collection.json"},"item":[{"name":"Estado de cuenta de cliente","id":"44af57d5-023b-4fed-b721-5c38c8719231","protocolProfileBehavior":{"disableBodyPruning":true},"request":{"method":"GET","header":[],"url":{"raw":"{{base_url}}/reportes/estado-de-cuenta/1?fecha_inicio=2023-05-01&fecha_fin=2023-05-31&pagina=0&tamano=5","host":["{{base_url}}"],"path":["reportes","estado-de-cuenta","1"],"query":[{"key":"fecha_inicio","value":"2023-05-01"},{"key":"fecha_fin","value":"2023-05-31"},{"key":"pagina","value":"0"},{"key":"tamano","value":"5"}]}},"response":[]}],"event":[{"listen":"prerequest","script":{"id":"d670b065-db12-42ac-991a-6c9897ed55ae","type":"text/javascript","exec":["pm.request.headers.add({key: 'Content-Type', value: 'application/json' });"]}},{"listen":"test","script":{"id":"a0f771f5-83b4-40ab-bde5-20b15ab92f48","type":"text/javascript","exec":[""]}}]}